{"cachedId":{"pharaoh:la2":40,"pharaoh:la3":41,"miner_wrath:bodyupper":1,"miner_wrath:leglowerleft":10,"pharaoh:bone":37,"miner_wrath:armlowerright":13,"miner_wrath:fingerright1":21,"miner_wrath:legright":4,"miner_wrath:fingerright2":22,"miner_wrath:handright":18,"vampire:leftarm":59,"vampire:armlowerleft":64,"vampire:head":56,"pharaoh:right_lower_leg":39,"miner_wrath:leglowerright":9,"miner_wrath:lamp":11,"pharaoh:right_forearm":42,"vampire:rightarm":58,"vampire:lowerrightleg":54,"pharaoh:left_hand":45,"miner_wrath:candle":17,"miner_wrath:armleft":8,"miner_wrath:footright":15,"pharaoh:left_forearm":43,"miner_wrath:helm":12,"miner_wrath:pick":23,"miner_wrath:fingerleft3":27,"miner_wrath:thumbleft":25,"miner_wrath:fingerleft2":26,"miner_wrath:fingerleft1":28,"vampire:foot3":61,"vampire:foot2":60,"miner_wrath:fingerright3":24,"vampire:leftleg":52,"pharaoh:upperbody":29,"miner_wrath:legleft":5,"vampire:armlowerright":63,"miner_wrath:armright":7,"vampire:lowerleftleg":55,"pharaoh:bone10":50,"vampire:body":53,"miner_wrath:torso":3,"pharaoh:bone11":49,"vampire:cap2":62,"pharaoh:bone13":47,"miner_wrath:bodylower":2,"miner_wrath:armlowerleft":14,"pharaoh:bone2":34,"vampire:cap":57,"pharaoh:bone3":33,"pharaoh:bone4":31,"pharaoh:head":32,"pharaoh:bone9":46,"miner_wrath:thumbright":20,"vampire:rightleg":51,"pharaoh:bone5":35,"pharaoh:bone6":30,"miner_wrath:head":6,"miner_wrath:handleft":19,"pharaoh:bone7":36,"pharaoh:bone8":48,"pharaoh:right_hand":44,"miner_wrath:footleft":16,"pharaoh:left_lower_leg":38},"unused":[],"nextId":65}