{
  "processors": [
    {
      "processor_type": "minecraft:rule",
      "rules": [
		{
          "input_predicate": {
            "block": "minecraft:suspicious_gravel",
            "predicate_type": "minecraft:random_block_match",
            "probability": 0.75
          },
          "location_predicate": {
            "predicate_type": "minecraft:always_true"
          },
          "output_state": {
            "Name": "minecraft:gravel"
          }
        },
		{
          "input_predicate": {
            "block": "minecraft:decorated_pot",
            "predicate_type": "minecraft:random_block_match",
            "probability": 0.3
          },
          "location_predicate": {
            "predicate_type": "minecraft:always_true"
          },
          "output_state": {
            "Name": "minecraft:gravel"
          }
        },
		{
          "input_predicate": {
            "block": "minecraft:chest",
            "predicate_type": "minecraft:random_block_match",
            "probability": 0.2
          },
          "location_predicate": {
            "predicate_type": "minecraft:always_true"
          },
          "output_state": {
            "Name": "minecraft:gravel"
          }
        }
      ]
    },
    {
      "processor_type": "minecraft:protected_blocks",
      "value": "#minecraft:features_cannot_replace"
    }
  ]
}