{
  "processors": [
    {
      "processor_type": "minecraft:rule",
      "rules": [
        {
          "input_predicate": {
            "block": "minecraft:polished_blackstone_bricks",
            "predicate_type": "minecraft:random_block_match",
            "probability": 0.3
          },
          "location_predicate": {
            "predicate_type": "minecraft:always_true"
          },
          "output_state": {
            "Name": "minecraft:cracked_polished_blackstone_bricks"
          }
        },
		{
          "input_predicate": {
            "block": "minecraft:decorated_pot",
            "predicate_type": "minecraft:random_block_match",
            "probability": 0.6
          },
          "location_predicate": {
            "predicate_type": "minecraft:always_true"
          },
          "output_state": {
            "Name": "minecraft:air"
          }
        },
		{
          "input_predicate": {
            "block": "minecraft:polished_blackstone_bricks",
            "predicate_type": "minecraft:random_block_match",
            "probability": 0.1
          },
          "location_predicate": {
            "predicate_type": "minecraft:always_true"
          },
          "output_state": {
            "Name": "minecraft:blackstone"
          }
        },
        {
          "input_predicate": {
            "block": "minecraft:blackstone",
            "predicate_type": "minecraft:random_block_match",
            "probability": 1.0E-4
          },
          "location_predicate": {
            "predicate_type": "minecraft:always_true"
          },
          "output_state": {
            "Name": "minecraft:air"
          }
        },
        {
          "input_predicate": {
            "block": "minecraft:gilded_blackstone",
            "predicate_type": "minecraft:random_block_match",
            "probability": 0.5
          },
          "location_predicate": {
            "predicate_type": "minecraft:always_true"
          },
          "output_state": {
            "Name": "minecraft:blackstone"
          }
        },
        {
          "input_predicate": {
            "block": "minecraft:blackstone",
            "predicate_type": "minecraft:random_block_match",
            "probability": 0.01
          },
          "location_predicate": {
            "predicate_type": "minecraft:always_true"
          },
          "output_state": {
            "Name": "minecraft:gilded_blackstone"
          }
        },
		{
          "input_predicate": {
            "block": "minecraft:blackstone",
            "predicate_type": "minecraft:random_block_match",
            "probability": 0.03
          },
          "location_predicate": {
            "predicate_type": "minecraft:always_true"
          },
          "output_state": {
            "Name": "minecraft:polished_blackstone_bricks"
          }
        },
		{
          "input_predicate": {
            "block": "minecraft:blackstone",
            "predicate_type": "minecraft:random_block_match",
            "probability": 0.03
          },
          "location_predicate": {
            "predicate_type": "minecraft:always_true"
          },
          "output_state": {
            "Name": "minecraft:cracked_polished_blackstone_bricks"
          }
        },
		{
          "input_predicate": {
            "block": "minecraft:blackstone",
            "predicate_type": "minecraft:random_block_match",
            "probability": 0.1
          },
          "location_predicate": {
            "predicate_type": "minecraft:always_true"
          },
          "output_state": {
            "Name": "minecraft:basalt"
          }
        },
		{
          "input_predicate": {
            "block": "minecraft:polished_blackstone",
            "predicate_type": "minecraft:random_block_match",
            "probability": 0.3
          },
          "location_predicate": {
            "predicate_type": "minecraft:always_true"
          },
          "output_state": {
            "Name": "minecraft:blackstone"
          }
        },
		{
          "input_predicate": {
            "block": "minecraft:polished_blackstone_slab",
            "predicate_type": "minecraft:random_block_match",
            "probability": 0.3
          },
          "location_predicate": {
            "predicate_type": "minecraft:always_true"
          },
          "output_state": {
            "Name": "minecraft:blackstone_slab"
          }
        }
      ]
    }
  ]
}