{"overrides":[{"predicate":{"custom_model_data":1},"model":"modelengine:miner_wrath/bodyupper"},{"predicate":{"custom_model_data":2},"model":"modelengine:miner_wrath/bodylower"},{"predicate":{"custom_model_data":3},"model":"modelengine:miner_wrath/torso"},{"predicate":{"custom_model_data":4},"model":"modelengine:miner_wrath/legright"},{"predicate":{"custom_model_data":5},"model":"modelengine:miner_wrath/legleft"},{"predicate":{"custom_model_data":6},"model":"modelengine:miner_wrath/head"},{"predicate":{"custom_model_data":7},"model":"modelengine:miner_wrath/armright"},{"predicate":{"custom_model_data":8},"model":"modelengine:miner_wrath/armleft"},{"predicate":{"custom_model_data":9},"model":"modelengine:miner_wrath/leglowerright"},{"predicate":{"custom_model_data":10},"model":"modelengine:miner_wrath/leglowerleft"},{"predicate":{"custom_model_data":11},"model":"modelengine:miner_wrath/lamp"},{"predicate":{"custom_model_data":12},"model":"modelengine:miner_wrath/helm"},{"predicate":{"custom_model_data":13},"model":"modelengine:miner_wrath/armlowerright"},{"predicate":{"custom_model_data":14},"model":"modelengine:miner_wrath/armlowerleft"},{"predicate":{"custom_model_data":15},"model":"modelengine:miner_wrath/footright"},{"predicate":{"custom_model_data":16},"model":"modelengine:miner_wrath/footleft"},{"predicate":{"custom_model_data":17},"model":"modelengine:miner_wrath/candle"},{"predicate":{"custom_model_data":18},"model":"modelengine:miner_wrath/handright"},{"predicate":{"custom_model_data":19},"model":"modelengine:miner_wrath/handleft"},{"predicate":{"custom_model_data":20},"model":"modelengine:miner_wrath/thumbright"},{"predicate":{"custom_model_data":21},"model":"modelengine:miner_wrath/fingerright1"},{"predicate":{"custom_model_data":22},"model":"modelengine:miner_wrath/fingerright2"},{"predicate":{"custom_model_data":23},"model":"modelengine:miner_wrath/pick"},{"predicate":{"custom_model_data":24},"model":"modelengine:miner_wrath/fingerright3"},{"predicate":{"custom_model_data":25},"model":"modelengine:miner_wrath/thumbleft"},{"predicate":{"custom_model_data":26},"model":"modelengine:miner_wrath/fingerleft2"},{"predicate":{"custom_model_data":27},"model":"modelengine:miner_wrath/fingerleft3"},{"predicate":{"custom_model_data":28},"model":"modelengine:miner_wrath/fingerleft1"},{"predicate":{"custom_model_data":29},"model":"modelengine:pharaoh/upperbody"},{"predicate":{"custom_model_data":30},"model":"modelengine:pharaoh/bone6"},{"predicate":{"custom_model_data":31},"model":"modelengine:pharaoh/bone4"},{"predicate":{"custom_model_data":32},"model":"modelengine:pharaoh/head"},{"predicate":{"custom_model_data":33},"model":"modelengine:pharaoh/bone3"},{"predicate":{"custom_model_data":34},"model":"modelengine:pharaoh/bone2"},{"predicate":{"custom_model_data":35},"model":"modelengine:pharaoh/bone5"},{"predicate":{"custom_model_data":36},"model":"modelengine:pharaoh/bone7"},{"predicate":{"custom_model_data":37},"model":"modelengine:pharaoh/bone"},{"predicate":{"custom_model_data":38},"model":"modelengine:pharaoh/left_lower_leg"},{"predicate":{"custom_model_data":39},"model":"modelengine:pharaoh/right_lower_leg"},{"predicate":{"custom_model_data":40},"model":"modelengine:pharaoh/la2"},{"predicate":{"custom_model_data":41},"model":"modelengine:pharaoh/la3"},{"predicate":{"custom_model_data":42},"model":"modelengine:pharaoh/right_forearm"},{"predicate":{"custom_model_data":43},"model":"modelengine:pharaoh/left_forearm"},{"predicate":{"custom_model_data":44},"model":"modelengine:pharaoh/right_hand"},{"predicate":{"custom_model_data":45},"model":"modelengine:pharaoh/left_hand"},{"predicate":{"custom_model_data":46},"model":"modelengine:pharaoh/bone9"},{"predicate":{"custom_model_data":47},"model":"modelengine:pharaoh/bone13"},{"predicate":{"custom_model_data":48},"model":"modelengine:pharaoh/bone8"},{"predicate":{"custom_model_data":49},"model":"modelengine:pharaoh/bone11"},{"predicate":{"custom_model_data":50},"model":"modelengine:pharaoh/bone10"},{"predicate":{"custom_model_data":51},"model":"modelengine:vampire/rightleg"},{"predicate":{"custom_model_data":52},"model":"modelengine:vampire/leftleg"},{"predicate":{"custom_model_data":53},"model":"modelengine:vampire/body"},{"predicate":{"custom_model_data":54},"model":"modelengine:vampire/lowerrightleg"},{"predicate":{"custom_model_data":55},"model":"modelengine:vampire/lowerleftleg"},{"predicate":{"custom_model_data":56},"model":"modelengine:vampire/head"},{"predicate":{"custom_model_data":57},"model":"modelengine:vampire/cap"},{"predicate":{"custom_model_data":58},"model":"modelengine:vampire/rightarm"},{"predicate":{"custom_model_data":59},"model":"modelengine:vampire/leftarm"},{"predicate":{"custom_model_data":60},"model":"modelengine:vampire/foot2"},{"predicate":{"custom_model_data":61},"model":"modelengine:vampire/foot3"},{"predicate":{"custom_model_data":62},"model":"modelengine:vampire/cap2"},{"predicate":{"custom_model_data":63},"model":"modelengine:vampire/armlowerright"},{"predicate":{"custom_model_data":64},"model":"modelengine:vampire/armlowerleft"}],"parent":"minecraft:item/generated","textures":{"layer0":"minecraft:item/leather_horse_armor"}}