{"stats":{"minecraft:used":{"alexsmobs:animal_dictionary":1},"minecraft:picked_up":{"minecraft:stick":2,"minecraft:bow":3,"mmorpg:weapon/staff/wood":3,"minecraft:iron_sword":3},"minecraft:custom":{"minecraft:time_since_rest":4623,"minecraft:blood":0,"minecraft:magic_shield":0,"minecraft:crouch_one_cm":54,"minecraft:play_time":4623,"minecraft:sprint_one_cm":1878,"minecraft:damage_taken":30,"minecraft:walk_one_cm":5852,"minecraft:sneak_time":69,"minecraft:dexterity":0,"minecraft:jump":24,"minecraft:intelligence":0,"minecraft:energy":50,"minecraft:leave_game":1,"minecraft:time_since_death":4623,"minecraft:health":64,"minecraft:move_speed":0,"minecraft:strength":0,"minecraft:total_world_time":4623,"minecraft:climb_one_cm":556,"minecraft:mana":50,"minecraft:fall_one_cm":1107,"minecraft:fly_one_cm":2031}},"DataVersion":3465}