{"stats":{"minecraft:killed_by":{"minecraft:player":1,"minecraft:skeleton":1},"minecraft:custom":{"minecraft:mob_kills":1,"minecraft:open_barrel":2,"minecraft:leave_game":6,"minecraft:time_since_death":66669,"minecraft:time_since_rest":66697,"minecraft:sprint_one_cm":159680,"minecraft:damage_taken":963,"minecraft:walk_one_cm":171476,"minecraft:drop":50,"minecraft:damage_dealt":5107,"minecraft:fly_one_cm":667783,"minecraft:open_chest":5,"minecraft:crouch_one_cm":8100,"minecraft:play_time":184783,"minecraft:deaths":2,"minecraft:sneak_time":3301,"minecraft:walk_under_water_one_cm":1043,"minecraft:jump":1224,"minecraft:walk_on_water_one_cm":27657,"minecraft:total_world_time":184783,"minecraft:fall_one_cm":6710},"minecraft:used":{"minecraft:netherite_sword":36,"minecraft:iron_golem_spawn_egg":1,"minecraft:chest":1,"minecraft:leather_chestplate":1,"minecraft:warden_spawn_egg":2,"minecraft:black_concrete":2,"minecraft:deepslate":10,"minecraft:green_candle":1,"minecraft:diamond_sword":1,"minecraft:egg":3,"minecraft:chainmail_leggings":1},"minecraft:killed":{"minecraft:warden":1},"minecraft:picked_up":{"minecraft:wooden_axe":1,"minecraft:cocoa_beans":12,"minecraft:lime_bed":1,"minecraft:crafting_table":1,"minecraft:wheat":4,"minecraft:cooked_beef":21,"minecraft:leather":55,"minecraft:diamond_sword":1,"minecraft:oak_log":34,"minecraft:brick":16,"minecraft:map":4,"minecraft:paper":8,"minecraft:name_tag":3,"minecraft:netherite_scrap":2,"minecraft:apple":15,"minecraft:green_candle":1,"minecraft:wheat_seeds":11,"minecraft:netherite_sword":2,"minecraft:beef":73,"minecraft:iron_ingot":2,"minecraft:stone_pickaxe":2,"minecraft:player_head":1,"minecraft:poppy":1,"minecraft:bamboo":28,"minecraft:melon_slice":88,"minecraft:chest":1,"minecraft:oak_planks":44,"minecraft:egg":1,"minecraft:sculk_catalyst":1,"minecraft:stick":21,"minecraft:acacia_log":24,"minecraft:porkchop":52,"minecraft:sand":23,"minecraft:netherite_pickaxe":2,"minecraft:rotten_flesh":4,"minecraft:stone_sword":1,"minecraft:stone_shovel":1,"minecraft:slime_ball":8,"minecraft:diamond":2,"minecraft:stone_axe":2,"minecraft:crossbow":2,"minecraft:bread":151,"minecraft:golden_apple":1,"minecraft:gold_ingot":30,"minecraft:saddle":4,"minecraft:emerald":4,"minecraft:mutton":41,"minecraft:cobblestone":18,"minecraft:white_wool":24},"minecraft:dropped":{"minecraft:bread":87,"minecraft:iron_ingot":2,"minecraft:stone_axe":1,"minecraft:netherite_pickaxe":2,"minecraft:porkchop":52,"minecraft:wheat_seeds":5,"minecraft:oak_log":17,"minecraft:cocoa_beans":6,"minecraft:diamond":2,"minecraft:netherite_sword":2,"minecraft:wheat":2,"minecraft:crossbow":2,"minecraft:rotten_flesh":2,"minecraft:oak_planks":34,"minecraft:leather":55,"minecraft:name_tag":2,"minecraft:saddle":1,"minecraft:acacia_log":12,"minecraft:golden_apple":1,"minecraft:stick":13,"minecraft:emerald":3,"minecraft:diamond_sword":1,"minecraft:netherite_scrap":2,"minecraft:mutton":27,"minecraft:chest":1,"minecraft:bamboo":14,"minecraft:slime_ball":8,"minecraft:sand":23,"minecraft:stone_pickaxe":1,"minecraft:beef":73,"minecraft:paper":4,"minecraft:white_wool":16,"minecraft:gold_ingot":26,"minecraft:brick":8},"minecraft:mined":{"minecraft:green_candle":1}},"DataVersion":3700}