{"stats":{"minecraft:killed_by":{"minecraft:player":1,"minecraft:skeleton":1},"minecraft:custom":{"minecraft:mob_kills":4,"minecraft:open_barrel":2,"minecraft:leave_game":7,"minecraft:time_since_death":28179,"minecraft:time_since_rest":28204,"minecraft:sprint_one_cm":295200,"minecraft:damage_taken":983,"minecraft:walk_one_cm":304618,"minecraft:drop":61,"minecraft:damage_dealt":5598,"minecraft:talked_to_villager":4,"minecraft:fly_one_cm":1008065,"minecraft:open_chest":5,"minecraft:crouch_one_cm":17654,"minecraft:play_time":237629,"minecraft:deaths":3,"minecraft:sneak_time":4937,"minecraft:walk_under_water_one_cm":1150,"minecraft:jump":2195,"minecraft:walk_on_water_one_cm":28234,"minecraft:total_world_time":237629,"minecraft:fall_one_cm":15729},"minecraft:used":{"minecraft:netherite_sword":41,"minecraft:iron_golem_spawn_egg":1,"minecraft:chest":1,"minecraft:leather_chestplate":1,"minecraft:sandstone":27,"minecraft:glow_item_frame":3,"minecraft:golden_apple":1,"minecraft:sand":2,"minecraft:stripped_spruce_log":6,"minecraft:warden_spawn_egg":2,"minecraft:black_concrete":2,"minecraft:smooth_sandstone":1,"minecraft:polished_andesite_stairs":21,"minecraft:deepslate":10,"minecraft:stone_brick_stairs":3,"minecraft:stone_bricks":2,"minecraft:stone_axe":2,"minecraft:green_candle":1,"minecraft:diamond_sword":1,"minecraft:oak_sapling":2,"minecraft:egg":3,"minecraft:bone_meal":11,"minecraft:chainmail_leggings":1},"minecraft:killed":{"minecraft:creeper":1,"minecraft:skeleton":1,"minecraft:zombie":1,"minecraft:warden":1},"minecraft:picked_up":{"minecraft:wooden_axe":1,"minecraft:cocoa_beans":12,"minecraft:lime_bed":1,"minecraft:crafting_table":1,"minecraft:wheat":4,"minecraft:cooked_beef":21,"minecraft:golden_carrot":10,"minecraft:leather":55,"minecraft:diamond_sword":2,"minecraft:oak_log":41,"minecraft:brick":16,"minecraft:gunpowder":1,"minecraft:map":4,"minecraft:paper":8,"minecraft:name_tag":3,"minecraft:netherite_scrap":6,"minecraft:smooth_sandstone":1,"minecraft:apple":15,"minecraft:wheat_seeds":11,"minecraft:green_candle":1,"minecraft:netherite_sword":4,"minecraft:iron_ingot":2,"minecraft:beef":73,"minecraft:stone_pickaxe":2,"minecraft:player_head":1,"minecraft:poppy":1,"minecraft:bamboo":28,"minecraft:melon_slice":88,"minecraft:sugar_cane":3,"minecraft:chest":1,"minecraft:oak_planks":44,"minecraft:egg":1,"minecraft:sculk_catalyst":1,"minecraft:stick":25,"minecraft:glow_item_frame":2,"minecraft:acacia_log":24,"minecraft:sand":23,"minecraft:porkchop":52,"minecraft:netherite_pickaxe":2,"minecraft:stone_shovel":1,"minecraft:stone_sword":1,"minecraft:arrow":2,"minecraft:rotten_flesh":6,"minecraft:slime_ball":16,"minecraft:diamond":2,"minecraft:stone_axe":4,"minecraft:crossbow":2,"minecraft:emerald":12,"minecraft:golden_apple":1,"minecraft:gold_ingot":30,"minecraft:saddle":4,"minecraft:bread":151,"minecraft:oak_sapling":1,"minecraft:mutton":41,"minecraft:cobblestone":18,"minecraft:white_wool":24},"minecraft:dropped":{"minecraft:bread":87,"minecraft:iron_ingot":2,"minecraft:stone_axe":3,"minecraft:netherite_pickaxe":2,"minecraft:porkchop":52,"minecraft:wheat_seeds":5,"minecraft:oak_log":17,"minecraft:cocoa_beans":6,"minecraft:diamond":2,"minecraft:netherite_sword":2,"minecraft:wheat":2,"minecraft:crossbow":2,"minecraft:rotten_flesh":2,"minecraft:oak_planks":34,"minecraft:leather":55,"minecraft:name_tag":2,"minecraft:saddle":1,"minecraft:acacia_log":12,"minecraft:golden_apple":1,"minecraft:stick":17,"minecraft:emerald":3,"minecraft:diamond_sword":1,"minecraft:netherite_scrap":2,"minecraft:gunpowder":1,"minecraft:mutton":27,"minecraft:chest":1,"minecraft:bamboo":14,"minecraft:slime_ball":16,"minecraft:sand":23,"minecraft:beef":73,"minecraft:stone_pickaxe":1,"minecraft:paper":4,"minecraft:smooth_sandstone":1,"minecraft:white_wool":16,"minecraft:gold_ingot":26,"minecraft:brick":8},"minecraft:mined":{"minecraft:dead_bush":1,"minecraft:oak_log":2,"minecraft:green_candle":1}},"DataVersion":3700}