{"stats":{"minecraft:custom":{"minecraft:time_since_rest":47679,"minecraft:open_enderchest":1,"minecraft:sprint_one_cm":59045,"minecraft:walk_one_cm":81610,"minecraft:damage_taken":461,"minecraft:mob_kills":9,"minecraft:drop":21,"minecraft:damage_dealt":2626,"minecraft:swim_one_cm":650,"minecraft:fly_one_cm":102024,"minecraft:crouch_one_cm":901,"minecraft:play_time":47679,"minecraft:sneak_time":472,"minecraft:walk_under_water_one_cm":438,"minecraft:jump":492,"minecraft:leave_game":2,"minecraft:walk_on_water_one_cm":1370,"minecraft:time_since_death":47679,"minecraft:total_world_time":47679,"minecraft:fall_one_cm":5287},"minecraft:used":{"minecraft:netherite_sword":10,"minecraft:apple":1,"minecraft:stone_sword":22,"minecraft:stone_shovel":16,"minecraft:ender_pearl":1,"minecraft:stone_axe":9,"minecraft:diamond_sword":8,"minecraft:golden_carrot":5},"minecraft:picked_up":{"minecraft:stick":7,"minecraft:golden_carrot":12,"minecraft:diamond_sword":1,"minecraft:sand":9,"minecraft:oak_log":3,"minecraft:dirt":7,"minecraft:spider_eye":1,"minecraft:string":2,"minecraft:slime_ball":4,"minecraft:name_tag":1,"minecraft:netherite_scrap":1,"minecraft:bone":1,"minecraft:apple":1,"minecraft:experience_bottle":24,"minecraft:rotten_flesh":3,"minecraft:diamond":8,"minecraft:netherite_sword":2,"minecraft:golden_apple":4,"minecraft:gold_ingot":8,"minecraft:emerald":8,"minecraft:oak_sapling":1,"minecraft:sugar_cane":6},"minecraft:killed":{"minecraft:sheep":2,"minecraft:skeleton":1,"minecraft:husk":3,"minecraft:spider":2,"minecraft:creeper":1},"minecraft:dropped":{"minecraft:diamond_sword":1,"minecraft:sugar_cane":6,"minecraft:player_head":1,"minecraft:oak_log":3,"minecraft:netherite_sword":2,"minecraft:spider_eye":1,"minecraft:sand":9,"minecraft:slime_ball":4,"minecraft:rotten_flesh":3,"minecraft:string":2,"minecraft:stick":3},"minecraft:crafted":{"minecraft:diamond":9,"minecraft:emerald":18},"minecraft:mined":{"minecraft:grass_block":7,"minecraft:oak_log":8,"minecraft:dead_bush":2,"minecraft:sand":9,"minecraft:sugar_cane":3,"minecraft:oak_leaves":1}},"DataVersion":3700}