{"stats":{"minecraft:custom":{"minecraft:mob_kills":11,"minecraft:leave_game":3,"minecraft:time_since_death":70796,"minecraft:time_since_rest":70796,"minecraft:sprint_one_cm":77113,"minecraft:open_enderchest":1,"minecraft:damage_taken":571,"minecraft:walk_one_cm":111126,"minecraft:drop":55,"minecraft:damage_dealt":2786,"minecraft:swim_one_cm":650,"minecraft:fly_one_cm":225392,"minecraft:crouch_one_cm":1184,"minecraft:play_time":70796,"minecraft:walk_under_water_one_cm":438,"minecraft:sneak_time":583,"minecraft:jump":698,"minecraft:walk_on_water_one_cm":1615,"minecraft:total_world_time":70796,"minecraft:fall_one_cm":7861},"minecraft:used":{"minecraft:trident":6,"minecraft:netherite_sword":12,"minecraft:stone_sword":22,"minecraft:flint_and_steel":2,"minecraft:stone_shovel":16,"minecraft:ender_pearl":1,"minecraft:sand":2,"minecraft:crossbow":1,"minecraft:apple":1,"minecraft:smooth_sandstone":5,"minecraft:stone_axe":9,"minecraft:diamond_sword":8,"minecraft:golden_carrot":6},"minecraft:killed":{"minecraft:husk":3,"minecraft:spider":3,"minecraft:creeper":1,"minecraft:sheep":2,"minecraft:skeleton":1,"minecraft:zombie":1},"minecraft:picked_up":{"minecraft:golden_carrot":12,"minecraft:diamond_sword":1,"minecraft:oak_log":3,"minecraft:shield":1,"minecraft:string":3,"minecraft:dirt":7,"minecraft:name_tag":1,"minecraft:netherite_scrap":4,"minecraft:experience_bottle":24,"minecraft:bone":1,"minecraft:apple":1,"minecraft:netherite_sword":2,"minecraft:sugar_cane":6,"minecraft:stick":7,"minecraft:sand":9,"minecraft:amethyst_shard":16,"minecraft:spider_eye":2,"minecraft:diamond":8,"minecraft:rotten_flesh":3,"minecraft:slime_ball":4,"minecraft:golden_apple":4,"minecraft:gold_ingot":28,"minecraft:emerald":24,"minecraft:oak_sapling":1},"minecraft:dropped":{"minecraft:enchanted_book":3,"minecraft:stone_axe":1,"minecraft:sugar_cane":6,"minecraft:player_head":1,"minecraft:cooked_beef":2,"minecraft:oak_log":3,"minecraft:stone_sword":1,"minecraft:ender_pearl":15,"minecraft:netherite_sword":2,"minecraft:experience_bottle":24,"minecraft:stone_shovel":1,"minecraft:crossbow":1,"minecraft:iron_helmet":1,"minecraft:rotten_flesh":3,"minecraft:name_tag":1,"minecraft:golden_apple":4,"minecraft:stick":5,"minecraft:diamond_sword":1,"minecraft:dirt":7,"minecraft:shield":1,"minecraft:netherite_scrap":1,"minecraft:golden_carrot":6,"minecraft:diamond_chestplate":2,"minecraft:oak_sapling":1,"minecraft:iron_leggings":1,"minecraft:spider_eye":1,"minecraft:diamond_boots":1,"minecraft:slime_ball":4,"minecraft:sand":9,"minecraft:iron_axe":1,"minecraft:stone_pickaxe":1,"minecraft:smooth_sandstone":1,"minecraft:string":2,"minecraft:gold_ingot":8,"minecraft:bone":1},"minecraft:crafted":{"minecraft:emerald":18,"minecraft:diamond":9},"minecraft:mined":{"minecraft:grass_block":7,"minecraft:dead_bush":2,"minecraft:sugar_cane":3,"minecraft:oak_log":8,"minecraft:sand":9,"minecraft:oak_leaves":1}},"DataVersion":3700}