{"stats":{"minecraft:custom":{"minecraft:time_since_rest":17988,"minecraft:crouch_one_cm":209,"minecraft:play_time":17988,"minecraft:sprint_one_cm":12224,"minecraft:damage_taken":220,"minecraft:walk_one_cm":18301,"minecraft:sneak_time":122,"minecraft:walk_under_water_one_cm":438,"minecraft:mob_kills":1,"minecraft:drop":1,"minecraft:jump":133,"minecraft:damage_dealt":590,"minecraft:leave_game":1,"minecraft:time_since_death":17988,"minecraft:walk_on_water_one_cm":1231,"minecraft:total_world_time":17988,"minecraft:swim_one_cm":650,"minecraft:fall_one_cm":2317,"minecraft:fly_one_cm":26924},"minecraft:used":{"minecraft:golden_carrot":1,"minecraft:stone_sword":6},"minecraft:picked_up":{"minecraft:netherite_scrap":1,"minecraft:experience_bottle":16,"minecraft:golden_carrot":8,"minecraft:diamond":6,"minecraft:golden_apple":2},"minecraft:killed":{"minecraft:sheep":1},"minecraft:dropped":{"minecraft:player_head":1}},"DataVersion":3700}