{"stats":{"minecraft:custom":{"minecraft:interact_with_furnace":10,"minecraft:mob_kills":32,"minecraft:interact_with_crafting_table":7,"minecraft:open_barrel":2,"minecraft:bell_ring":1,"minecraft:leave_game":3,"minecraft:time_since_death":75870,"minecraft:climb_one_cm":298,"minecraft:time_since_rest":75890,"minecraft:damage_absorbed":40,"minecraft:sprint_one_cm":260243,"minecraft:open_enderchest":1,"minecraft:damage_taken":2291,"minecraft:walk_one_cm":162766,"minecraft:drop":9,"minecraft:damage_dealt":6635,"minecraft:swim_one_cm":3139,"minecraft:fly_one_cm":551028,"minecraft:open_chest":6,"minecraft:crouch_one_cm":19954,"minecraft:play_time":149711,"minecraft:deaths":3,"minecraft:sneak_time":4566,"minecraft:walk_under_water_one_cm":1086,"minecraft:boat_one_cm":3150,"minecraft:jump":1790,"minecraft:walk_on_water_one_cm":6006,"minecraft:total_world_time":149711,"minecraft:fall_one_cm":37587},"minecraft:killed":{"minecraft:spider":3,"minecraft:sheep":5,"minecraft:skeleton":10,"minecraft:pillager":1,"minecraft:zombie":8,"minecraft:camel":1,"minecraft:cow":2},"minecraft:crafted":{"minecraft:oak_planks":20,"minecraft:crafting_table":1,"minecraft:wooden_pickaxe":1,"minecraft:furnace":1,"minecraft:bread":54,"minecraft:air":0,"minecraft:stick":8,"minecraft:iron_ingot":12,"minecraft:iron_pickaxe":1,"minecraft:stone_pickaxe":1,"minecraft:iron_leggings":1,"minecraft:wheat":162},"minecraft:used":{"minecraft:stone_pickaxe":34,"minecraft:oak_planks":2,"minecraft:wooden_pickaxe":13,"minecraft:iron_sword":39,"minecraft:calibrated_sculk_sensor":2,"minecraft:iron_chestplate":1,"minecraft:golden_apple":2,"minecraft:dirt":5,"minecraft:crafting_table":3,"minecraft:carrot":1,"minecraft:crossbow":3,"minecraft:sculk_shrieker":1,"minecraft:oak_wood":9,"minecraft:tuff":1,"minecraft:lightning_rod":1,"minecraft:big_dripleaf":1,"minecraft:oak_log":22,"minecraft:bamboo_raft":1,"minecraft:honey_block":44,"minecraft:apple":2,"minecraft:grass_block":78,"minecraft:bread":25,"minecraft:iron_pickaxe":69,"minecraft:iron_boots":1,"minecraft:diamond_sword":89,"minecraft:cobblestone":15,"minecraft:furnace":1,"minecraft:cooked_beef":1,"minecraft:experience_bottle":8,"minecraft:cobbled_deepslate":20,"minecraft:pointed_dripstone":1},"minecraft:killed_by":{"minecraft:vindicator":1,"minecraft:creeper":1},"minecraft:mined":{"minecraft:tuff":1,"minecraft:deepslate_diamond_ore":21,"minecraft:crafting_table":2,"minecraft:short_grass":20,"minecraft:sugar_cane":3,"minecraft:wall_torch":1,"minecraft:hay_block":18,"minecraft:furnace":1,"minecraft:iron_ore":6,"minecraft:pointed_dripstone":1,"minecraft:oak_log":5,"minecraft:coal_ore":13,"minecraft:deepslate_iron_ore":19,"minecraft:stone":28,"minecraft:oak_leaves":1,"minecraft:deepslate":26},"minecraft:dropped":{"minecraft:bread":27,"minecraft:wheat_seeds":1,"minecraft:netherite_sword":2,"minecraft:emerald":4,"minecraft:stick":1,"minecraft:diamond_sword":1,"minecraft:wooden_axe":2},"minecraft:picked_up":{"minecraft:wooden_axe":1,"minecraft:iron_chestplate":1,"minecraft:crafting_table":3,"minecraft:cooked_beef":64,"minecraft:leather":4,"minecraft:diamond_sword":2,"minecraft:tuff":1,"minecraft:oak_log":5,"minecraft:string":9,"minecraft:netherite_scrap":2,"minecraft:iron_leggings":1,"minecraft:experience_bottle":8,"minecraft:bone":13,"minecraft:apple":1,"minecraft:wheat_seeds":4,"minecraft:cobbled_deepslate":32,"minecraft:netherite_sword":2,"minecraft:iron_ingot":10,"minecraft:beef":3,"minecraft:stone_pickaxe":1,"minecraft:iron_pickaxe":1,"minecraft:sugar_cane":6,"minecraft:oak_planks":9,"minecraft:iron_boots":1,"minecraft:furnace":2,"minecraft:stick":15,"minecraft:raw_iron":38,"minecraft:pointed_dripstone":1,"minecraft:carrot":1,"minecraft:arrow":13,"minecraft:rotten_flesh":22,"minecraft:slime_ball":18,"minecraft:diamond":45,"minecraft:hay_block":18,"minecraft:golden_apple":2,"minecraft:emerald":6,"minecraft:bread":18,"minecraft:mutton":7,"minecraft:coal":35,"minecraft:white_wool":8,"minecraft:cobblestone":26}},"DataVersion":3700}