{"stats":{"minecraft:custom":{"minecraft:jump":8,"minecraft:intelligence":0,"minecraft:time_since_rest":23510,"minecraft:energy":50,"minecraft:blood":0,"minecraft:leave_game":5,"minecraft:magic_shield":0,"minecraft:crouch_one_cm":116,"minecraft:play_time":23510,"minecraft:health":70,"minecraft:sprint_one_cm":751,"minecraft:time_since_death":23510,"minecraft:move_speed":0,"minecraft:walk_one_cm":1293,"minecraft:strength":0,"minecraft:sneak_time":29,"minecraft:total_world_time":23510,"minecraft:climb_one_cm":207,"minecraft:mana":50,"minecraft:fly_one_cm":730,"minecraft:dexterity":0,"minecraft:damage_taken":14}},"DataVersion":3465}