{"stats":{"minecraft:custom":{"minecraft:mob_kills":75,"minecraft:inspect_hopper":1,"minecraft:interact_with_crafting_table":2,"minecraft:leave_game":4,"minecraft:time_since_death":36961,"minecraft:sleep_in_bed":1,"minecraft:climb_one_cm":4048,"minecraft:time_since_rest":36990,"minecraft:damage_absorbed":40,"minecraft:sprint_one_cm":287095,"minecraft:damage_taken":2448,"minecraft:walk_one_cm":152264,"minecraft:drop":56,"minecraft:damage_dealt":9026,"minecraft:player_kills":2,"minecraft:swim_one_cm":4676,"minecraft:talked_to_villager":1,"minecraft:fly_one_cm":1685086,"minecraft:open_chest":8,"minecraft:crouch_one_cm":2482,"minecraft:deaths":3,"minecraft:play_time":128549,"minecraft:sneak_time":2739,"minecraft:walk_under_water_one_cm":5245,"minecraft:jump":2450,"minecraft:walk_on_water_one_cm":5779,"minecraft:total_world_time":128549,"minecraft:fall_one_cm":54592,"minecraft:horse_one_cm":24848},"minecraft:killed":{"minecraft:pig":18,"minecraft:spider":3,"minecraft:sheep":19,"minecraft:pillager":1,"minecraft:zombie":5,"minecraft:cow":29},"minecraft:broken":{"minecraft:stone_sword":1},"minecraft:crafted":{"minecraft:oak_planks":24,"minecraft:crafting_table":1,"minecraft:wooden_pickaxe":1,"minecraft:bread":87,"minecraft:stick":8,"minecraft:wooden_axe":1,"minecraft:wheat":261},"minecraft:used":{"minecraft:stone_sword":152,"minecraft:stone_shovel":9,"minecraft:stone_pickaxe":24,"minecraft:golden_apple":1,"minecraft:sand":8,"minecraft:dirt":5,"minecraft:lime_bed":1,"minecraft:crafting_table":1,"minecraft:diamond_helmet":1,"minecraft:wooden_axe":1,"minecraft:apple":1,"minecraft:bread":28,"minecraft:golden_carrot":1,"minecraft:stone_axe":83,"minecraft:diamond_chestplate":1,"minecraft:cobblestone":1,"minecraft:potion":1,"minecraft:netherite_pickaxe":2,"minecraft:cooked_beef":8,"minecraft:diamond_leggings":1},"minecraft:killed_by":{"minecraft:husk":2,"minecraft:skeleton":1},"minecraft:mined":{"minecraft:crafting_table":1,"minecraft:dark_oak_fence":1,"minecraft:short_grass":33,"minecraft:acacia_log":10,"minecraft:grass_block":2,"minecraft:poppy":1,"minecraft:melon":9,"minecraft:decorated_pot":2,"minecraft:chest":1,"minecraft:tall_grass":4,"minecraft:hay_block":29,"minecraft:lime_bed":3,"minecraft:wheat":4,"minecraft:birch_leaves":1,"minecraft:oak_log":23,"minecraft:cocoa":2,"minecraft:sand":31,"minecraft:dirt":3,"minecraft:stone":20,"minecraft:bamboo":3,"minecraft:oak_leaves":4,"minecraft:fern":1},"minecraft:dropped":{"minecraft:bread":15,"minecraft:stone_axe":1,"minecraft:wheat_seeds":12,"minecraft:diamond_axe":1,"minecraft:cooked_beef":20,"minecraft:stone_sword":1,"minecraft:glass_bottle":1,"minecraft:diamond":4,"minecraft:experience_bottle":8,"minecraft:diamond_leggings":1,"minecraft:stone_shovel":1,"minecraft:rotten_flesh":5,"minecraft:diamond_shovel":1,"minecraft:saddle":1,"minecraft:golden_apple":5,"minecraft:emerald":1,"minecraft:diamond_sword":1,"minecraft:netherite_scrap":2,"minecraft:diamond_chestplate":1,"minecraft:diamond_pickaxe":1,"minecraft:wooden_axe":1,"minecraft:chest":1,"minecraft:diamond_helmet":1,"minecraft:slime_ball":8,"minecraft:diamond_boots":1,"minecraft:sand":1,"minecraft:arrow":39,"minecraft:stone_pickaxe":1,"minecraft:string":2,"minecraft:black_wool":1,"minecraft:firework_rocket":16},"minecraft:picked_up":{"minecraft:cocoa_beans":24,"minecraft:lime_bed":3,"minecraft:crafting_table":2,"minecraft:wheat":6,"minecraft:cooked_beef":104,"minecraft:golden_carrot":8,"minecraft:leather":65,"minecraft:potion":1,"minecraft:oak_log":74,"minecraft:brick":24,"minecraft:map":2,"minecraft:dirt":6,"minecraft:string":2,"minecraft:name_tag":7,"minecraft:netherite_scrap":4,"minecraft:experience_bottle":8,"minecraft:apple":11,"minecraft:diamond_leggings":1,"minecraft:wheat_seeds":17,"minecraft:iron_ingot":4,"minecraft:beef":102,"minecraft:stone_pickaxe":4,"minecraft:bamboo":42,"minecraft:melon_slice":88,"minecraft:chest":2,"minecraft:oak_planks":68,"minecraft:stick":26,"minecraft:acacia_log":48,"minecraft:porkchop":111,"minecraft:sand":55,"minecraft:netherite_pickaxe":1,"minecraft:diamond":6,"minecraft:slime_ball":16,"minecraft:rotten_flesh":6,"minecraft:stone_sword":3,"minecraft:arrow":7,"minecraft:stone_shovel":3,"minecraft:stone_axe":3,"minecraft:hay_block":29,"minecraft:crossbow":2,"minecraft:golden_apple":5,"minecraft:bread":238,"minecraft:saddle":5,"minecraft:gold_ingot":58,"minecraft:emerald":21,"minecraft:black_wool":1,"minecraft:oak_sapling":8,"minecraft:white_wool":56,"minecraft:mutton":95,"minecraft:dark_oak_fence":1,"minecraft:cobblestone":37}},"DataVersion":3700}