{"stats":{"minecraft:used":{"minecraft:dirt":4,"minecraft:decorated_pot":2},"minecraft:mined":{"minecraft:grass":3,"minecraft:grass_block":2,"minecraft:decorated_pot":2,"minecraft:dirt":2,"minecraft:jungle_leaves":1},"minecraft:picked_up":{"minecraft:feather":1,"minecraft:decorated_pot":2,"minecraft:bow":1,"theoneprobe:probenote":1,"minecraft:iron_sword":4,"minecraft:dirt":4,"alexsmobs:animal_dictionary":1},"minecraft:dropped":{"theoneprobe:probenote":1,"alexsmobs:animal_dictionary":1},"minecraft:custom":{"minecraft:time_since_rest":20301,"minecraft:blood":0,"minecraft:magic_shield":0,"minecraft:crouch_one_cm":254,"minecraft:play_time":20301,"minecraft:sprint_one_cm":17181,"minecraft:damage_taken":80,"minecraft:walk_one_cm":12150,"minecraft:sneak_time":162,"minecraft:walk_under_water_one_cm":1181,"minecraft:mob_kills":1,"minecraft:drop":2,"minecraft:dexterity":0,"minecraft:energy":50,"minecraft:jump":207,"minecraft:intelligence":0,"minecraft:damage_dealt":94,"minecraft:leave_game":2,"minecraft:time_since_death":20301,"minecraft:health":70,"minecraft:move_speed":0,"minecraft:walk_on_water_one_cm":1179,"minecraft:strength":0,"minecraft:climb_one_cm":998,"minecraft:total_world_time":20301,"minecraft:mana":50,"minecraft:swim_one_cm":2281,"minecraft:fall_one_cm":9865,"minecraft:fly_one_cm":38092},"minecraft:killed":{"alexsmobs:seagull":1}},"DataVersion":3465}