{"stats":{"minecraft:custom":{"minecraft:time_since_rest":36592,"minecraft:damage_absorbed":40,"minecraft:damage_taken":2015,"minecraft:sprint_one_cm":554851,"minecraft:walk_one_cm":565657,"minecraft:mob_kills":2,"minecraft:drop":20,"minecraft:damage_dealt":450,"minecraft:damage_dealt_absorbed":25,"minecraft:swim_one_cm":4719,"minecraft:fly_one_cm":523605,"minecraft:open_chest":1,"minecraft:crouch_one_cm":2522,"minecraft:play_time":116520,"minecraft:deaths":3,"minecraft:sneak_time":1163,"minecraft:bell_ring":1,"minecraft:walk_under_water_one_cm":2909,"minecraft:boat_one_cm":14240,"minecraft:jump":1695,"minecraft:interact_with_brewingstand":1,"minecraft:leave_game":5,"minecraft:walk_on_water_one_cm":12031,"minecraft:time_since_death":34918,"minecraft:sleep_in_bed":2,"minecraft:total_world_time":116520,"minecraft:fall_one_cm":33562,"minecraft:horse_one_cm":2072},"minecraft:killed":{"minecraft:zombie":1,"minecraft:pig":1},"minecraft:crafted":{"minecraft:oak_planks":156},"minecraft:killed_by":{"minecraft:player":1},"minecraft:used":{"minecraft:wooden_axe":52,"minecraft:apple":1,"minecraft:bread":3,"minecraft:oak_planks":128,"minecraft:golden_apple":1,"minecraft:dirt":1,"minecraft:mangrove_roots":1,"minecraft:lime_bed":1,"minecraft:cooked_beef":3},"minecraft:mined":{"minecraft:hay_block":1,"minecraft:lime_bed":1,"minecraft:mangrove_roots":1,"minecraft:short_grass":28,"minecraft:grass_block":5,"minecraft:oak_log":38,"minecraft:tall_grass":15,"minecraft:oak_planks":2},"minecraft:dropped":{"minecraft:stone_axe":1,"minecraft:cooked_beef":130,"minecraft:stone_sword":1,"minecraft:stone_shovel":1,"minecraft:stone_pickaxe":1,"minecraft:string":1,"minecraft:golden_apple":2},"minecraft:picked_up":{"minecraft:wooden_axe":1,"minecraft:stick":5,"minecraft:lime_bed":2,"minecraft:cooked_beef":10,"minecraft:diamond_horse_armor":1,"minecraft:porkchop":1,"minecraft:sand":23,"minecraft:oak_log":39,"minecraft:lapis_lazuli":16,"minecraft:dirt":6,"minecraft:slime_ball":2,"minecraft:rotten_flesh":4,"minecraft:apple":1,"minecraft:diamond":2,"minecraft:wheat_seeds":23,"minecraft:hay_block":1,"minecraft:golden_apple":3,"minecraft:mangrove_roots":1,"minecraft:gold_ingot":1,"minecraft:bread":27,"minecraft:oak_sapling":3,"minecraft:melon_seeds":3,"minecraft:oak_planks":2,"minecraft:cobblestone":2}},"DataVersion":3700}